id,first_name,last_name,email,gender,ip_address
1,Chanda,Van Giffen,cvangiffen0@columbia.edu,Female,78.79.7.162
2,Garner,Ryley,gryley1@constantcontact.com,Male,173.111.12.46
3,Stirling,Jacobson,sjacobson2@pcworld.com,Male,118.139.176.130
4,Gabriello,Jagiello,gjagiello3@purevolume.com,Male,187.126.4.229
5,Javier,Cheesley,jcheesley4@mozilla.org,Male,70.210.52.26
6,Aleksandr,Janos,ajanos5@booking.com,Male,32.6.232.55
7,Candie,Zoppie,czoppie6@netvibes.com,Female,69.73.111.198
8,Nanni,Jantel,njantel7@java.com,Female,17.157.169.138
9,Patin,Chadburn,pchadburn8@wikia.com,Male,254.29.193.29
10,Marsha,Colloby,mcolloby9@pcworld.com,Female,177.249.142.144
11,Allin,Tuckett,atucketta@reuters.com,Male,68.227.12.3
12,Munmro,Warrier,mwarrierb@mediafire.com,Male,176.12.249.33
13,Coleen,Mitie,cmitiec@netscape.com,Female,111.119.244.113
14,Carissa,Bowlas,cbowlasd@washingtonpost.com,Female,149.204.140.198
15,Rosanna,O'Curneen,rocurneene@paypal.com,Female,128.212.57.43
16,Gaylor,Corness,gcornessf@dagondesign.com,Male,124.131.5.46
17,Rozalin,Cluff,rcluffg@berkeley.edu,Female,253.239.134.215
18,Amalea,Lubman,alubmanh@dmoz.org,Female,136.158.70.254
19,Osborne,Duprey,odupreyi@hp.com,Male,244.179.77.161
20,Clementina,Milleton,cmilletonj@ucoz.ru,Female,213.29.215.153
21,Pattin,Karlmann,pkarlmannk@cdc.gov,Male,209.214.45.106
22,Julie,Dennerley,jdennerleyl@slashdot.org,Male,185.238.71.202
23,Timoteo,Dymocke,tdymockem@washingtonpost.com,Male,137.194.36.103
24,Izak,Seleway,iselewayn@amazon.co.uk,Male,163.226.80.83
25,Daphna,Capel,dcapelo@about.com,Female,175.150.145.216
26,Ladonna,Thynn,lthynnp@meetup.com,Female,244.171.56.217
27,Kayle,Grainger,kgraingerq@nymag.com,Female,234.156.69.113
28,Beryl,Benfield,bbenfieldr@theatlantic.com,Female,168.37.26.68
29,Terza,Ary,tarys@disqus.com,Female,254.20.62.202
30,Bellina,Jefferies,bjefferiest@usgs.gov,Female,117.35.226.2
31,Locke,Bewlay,lbewlayu@dmoz.org,Male,255.169.122.98
32,Shane,Instone,sinstonev@deviantart.com,Female,54.63.51.62
33,Clarie,Bareham,cbarehamw@hexun.com,Female,148.88.152.11
34,Hardy,Stace,hstacex@unblog.fr,Male,90.229.172.60
35,Gram,McKeon,gmckeony@comcast.net,Male,30.232.53.79
36,Xever,Badby,xbadbyz@technorati.com,Male,53.120.142.141
37,Daven,Taynton,dtaynton10@cpanel.net,Male,1.220.167.22
38,Issy,Smitham,ismitham11@google.it,Female,249.88.75.71
39,Marysa,Merriment,mmerriment12@google.com.au,Female,94.253.251.30
40,Ange,Dorwood,adorwood13@economist.com,Female,53.92.20.98
41,Laurette,Sooper,lsooper14@statcounter.com,Female,34.161.99.201
42,Edithe,Buddles,ebuddles15@unicef.org,Female,87.198.96.206
43,Freeland,Weldon,fweldon16@mapquest.com,Male,88.31.7.73
44,Dud,Boame,dboame17@yolasite.com,Male,157.125.123.176
45,Isidora,Feaster,ifeaster18@google.cn,Female,22.158.16.164
46,Ilise,Mordecai,imordecai19@time.com,Female,180.101.199.252
47,Rea,St Ange,rstange1a@nasa.gov,Female,210.8.116.218
48,Gottfried,Edmeades,gedmeades1b@hp.com,Male,74.202.212.206
49,Lilyan,Tapenden,ltapenden1c@fotki.com,Female,97.250.68.82
50,Pepito,Dodgson,pdodgson1d@pagesperso-orange.fr,Male,81.144.204.227
51,Wynn,Brownsill,wbrownsill1e@samsung.com,Female,128.121.142.175
52,Estell,Vidgen,evidgen1f@livejournal.com,Female,125.135.17.251
53,Arlena,Kavanagh,akavanagh1g@ocn.ne.jp,Female,185.252.94.72
54,Tildi,Lehrer,tlehrer1h@webeden.co.uk,Female,102.168.140.158
55,Pansy,Kiddell,pkiddell1i@vistaprint.com,Female,137.3.7.45
56,Cosmo,Johns,cjohns1j@zdnet.com,Male,11.136.157.97
57,Laurie,Fynes,lfynes1k@nationalgeographic.com,Male,224.187.85.120
58,Rosamond,Timmens,rtimmens1l@nationalgeographic.com,Female,187.86.91.125
59,Ekaterina,Pawlik,epawlik1m@webs.com,Female,144.103.19.144
60,Darn,Hars,dhars1n@cyberchimps.com,Male,197.247.221.1
61,Aubrey,Tieraney,atieraney1o@comcast.net,Male,138.87.8.135
62,Tamas,Rosborough,trosborough1p@xing.com,Male,160.231.54.79
63,Elvina,Pelfer,epelfer1q@house.gov,Female,185.235.140.211
64,Erinn,Barkly,ebarkly1r@slate.com,Female,158.156.193.205
65,Sileas,Dunkley,sdunkley1s@narod.ru,Female,189.255.144.17
66,Dinnie,Stampfer,dstampfer1t@unicef.org,Female,152.15.193.231
67,Bruno,Antcliffe,bantcliffe1u@marketwatch.com,Male,107.62.218.192
68,Brandea,Keilty,bkeilty1v@360.cn,Female,56.113.60.243
69,Kellby,Lafferty,klafferty1w@ucsd.edu,Male,60.128.135.111
70,Antonin,Edgars,aedgars1x@cbc.ca,Male,61.52.245.234
71,Vale,Toppes,vtoppes1y@home.pl,Female,109.208.222.255
72,Elfreda,Ugo,eugo1z@sbwire.com,Female,9.120.183.196
73,Mohandas,Crosby,mcrosby20@shareasale.com,Male,75.3.231.67
74,Ulrick,Hunnable,uhunnable21@usda.gov,Male,184.67.196.54
75,Valma,Hawthorn,vhawthorn22@dyndns.org,Female,21.86.174.53
76,Yvette,Megarrell,ymegarrell23@forbes.com,Female,170.64.81.73
77,Frasco,Grogona,fgrogona24@nih.gov,Male,214.149.117.18
78,Marlee,Reef,mreef25@list-manage.com,Female,224.97.51.148
79,Cordey,Malkie,cmalkie26@economist.com,Female,220.226.5.182
80,Mark,Gepheart,mgepheart27@rediff.com,Male,135.167.132.142
81,Merridie,Delf,mdelf28@amazonaws.com,Female,103.188.83.59
82,Antoni,How to preserve,ahowtopreserve29@who.int,Male,236.75.129.170
83,Rhiamon,Timbs,rtimbs2a@meetup.com,Female,117.3.103.207
84,Stephie,Ovitts,sovitts2b@bizjournals.com,Female,13.212.118.53
85,Fonzie,Debnam,fdebnam2c@stanford.edu,Male,186.91.207.246
86,Walden,Mulqueen,wmulqueen2d@taobao.com,Male,196.236.94.24
87,Patton,Cunnane,pcunnane2e@people.com.cn,Male,199.114.102.47
88,Tonye,Croshaw,tcroshaw2f@irs.gov,Female,197.56.96.254
89,Nigel,Curror,ncurror2g@bbb.org,Male,20.174.217.44
90,Vinnie,Piletic,vpiletic2h@wufoo.com,Female,186.18.196.147
91,Arne,Mayes,amayes2i@hostgator.com,Male,8.46.119.129
92,Ashly,Timlin,atimlin2j@people.com.cn,Female,67.91.128.92
93,Morey,Sterland,msterland2k@indiegogo.com,Male,136.91.33.57
94,Chrystal,Pincked,cpincked2l@ycombinator.com,Female,14.116.149.170
95,Cliff,Brennon,cbrennon2m@indiatimes.com,Male,171.88.197.223
96,Marthena,Liggons,mliggons2n@hc360.com,Female,128.35.147.115
97,Esme,Delhanty,edelhanty2o@de.vu,Female,33.226.71.77
98,Clem,Behn,cbehn2p@china.com.cn,Female,230.135.249.131
99,Laurene,McClounan,lmcclounan2q@state.gov,Female,220.33.25.71
100,Lorenza,Giacubo,lgiacubo2r@stanford.edu,Female,223.98.88.105
101,Nigel,Crichmere,ncrichmere2s@auda.org.au,Male,52.66.217.252
102,Zane,Beagin,zbeagin2t@globo.com,Male,245.28.182.53
103,Aurelia,Stovold,astovold2u@mashable.com,Female,179.89.171.58
104,Lynnea,Yakuntsov,lyakuntsov2v@wikimedia.org,Female,22.226.11.130
105,Catherin,Fyall,cfyall2w@washington.edu,Female,171.116.193.95
106,Lucien,Ramsey,lramsey2x@bbc.co.uk,Male,218.175.214.162
107,Andi,Kirkbride,akirkbride2y@diigo.com,Female,162.165.177.155
108,Homere,Cattermole,hcattermole2z@omniture.com,Male,2.247.249.32
109,Amby,Galtone,agaltone30@ibm.com,Male,97.107.163.231
110,Abby,Vyvyan,avyvyan31@biblegateway.com,Female,69.168.159.56
111,Morley,Mattimoe,mmattimoe32@unblog.fr,Male,243.56.31.192
112,Fairleigh,Rockey,frockey33@paypal.com,Male,123.161.171.205
113,Helli,Gaffey,hgaffey34@webmd.com,Female,108.92.58.83
114,Reade,Munford,rmunford35@deviantart.com,Male,250.211.173.149
115,Mikael,Orae,morae36@eepurl.com,Male,239.172.54.51
116,Kipp,Cruce,kcruce37@vistaprint.com,Female,91.166.233.125
117,Oriana,Sellen,osellen38@sourceforge.net,Female,235.40.63.220
118,Redford,Wrightem,rwrightem39@census.gov,Male,123.240.12.61
119,Noland,Heggie,nheggie3a@virginia.edu,Male,21.107.204.49
120,Mellicent,Dickenson,mdickenson3b@census.gov,Female,86.131.192.34
121,Roy,Ivy,rivy3c@salon.com,Male,147.64.40.71
122,Cirilo,Quelch,cquelch3d@yale.edu,Male,5.239.79.78
123,Binnie,Ogle,bogle3e@marriott.com,Female,72.235.212.193
124,Dierdre,Martinuzzi,dmartinuzzi3f@opera.com,Female,40.214.19.227
125,Judy,Kolushev,jkolushev3g@xrea.com,Female,181.247.180.210
126,Issiah,Gorringe,igorringe3h@vkontakte.ru,Male,199.225.149.81
127,Dulcy,McGann,dmcgann3i@mysql.com,Female,90.109.167.206
128,Hephzibah,Feake,hfeake3j@cornell.edu,Female,206.229.55.180
129,Flor,Appleford,fappleford3k@histats.com,Female,39.84.224.74
130,Adam,Settle,asettle3l@nature.com,Male,79.127.192.233
131,Vitia,Gurnell,vgurnell3m@loc.gov,Female,139.189.51.110
132,Jsandye,Cadreman,jcadreman3n@shinystat.com,Female,47.129.251.186
133,Alix,Wims,awims3o@ow.ly,Female,234.106.35.251
134,Leona,Canto,lcanto3p@blogger.com,Female,128.28.225.173
135,Ora,Hawkswood,ohawkswood3q@hhs.gov,Female,126.149.12.148
136,Lorne,Unthank,lunthank3r@trellian.com,Male,95.141.120.197
137,Tiffani,Robbings,trobbings3s@gnu.org,Female,197.39.139.239
138,Katrina,Flux,kflux3t@biglobe.ne.jp,Female,3.77.249.212
139,Rob,Claypole,rclaypole3u@barnesandnoble.com,Male,93.39.45.0
140,Starlene,McCrea,smccrea3v@examiner.com,Female,105.226.4.224
141,Westbrook,Cossey,wcossey3w@bloglovin.com,Male,65.87.210.251
142,Jocelin,Wheelband,jwheelband3x@dmoz.org,Female,139.165.65.180
143,Phip,Olliar,polliar3y@technorati.com,Male,218.64.205.131
144,Augusto,Rotter,arotter3z@adobe.com,Male,205.148.6.201
145,Tallou,Mabbett,tmabbett40@google.de,Female,174.61.15.241
146,Nadia,Oakenfull,noakenfull41@miitbeian.gov.cn,Female,195.227.98.112
147,Brena,Meadus,bmeadus42@boston.com,Female,191.56.143.255
148,Gae,Robart,grobart43@miibeian.gov.cn,Female,24.171.4.85
149,Grantham,Timmons,gtimmons44@squarespace.com,Male,44.155.165.53
150,Lila,Reyson,lreyson45@vkontakte.ru,Female,68.119.108.14
151,Henrieta,Woolaghan,hwoolaghan46@feedburner.com,Female,109.255.216.56
152,Charlean,Copperwaite,ccopperwaite47@yellowbook.com,Female,204.173.142.182
153,Lowrance,Asey,lasey48@buzzfeed.com,Male,165.72.222.188
154,Gwenni,Kidgell,gkidgell49@newsvine.com,Female,94.141.143.18
155,Teddi,Troctor,ttroctor4a@imageshack.us,Female,207.225.103.27
156,Rozina,Laxson,rlaxson4b@gizmodo.com,Female,83.55.149.128
157,Lucius,Iwanowicz,liwanowicz4c@123-reg.co.uk,Male,40.230.2.148
158,Kerr,Iddins,kiddins4d@huffingtonpost.com,Male,108.225.14.125
159,Jonathon,Ketchell,jketchell4e@squidoo.com,Male,64.84.55.72
160,Ibrahim,Brabben,ibrabben4f@patch.com,Male,173.184.197.110
161,Cassi,Aujouanet,caujouanet4g@biblegateway.com,Female,78.249.96.206
162,Miranda,Kosel,mkosel4h@livejournal.com,Female,59.228.163.25
163,Fields,McGarva,fmcgarva4i@elegantthemes.com,Male,213.11.226.20
164,Constancy,Hayers,chayers4j@rambler.ru,Female,147.101.58.152
165,Caria,Wallhead,cwallhead4k@live.com,Female,207.197.75.181
166,Hillyer,Ambroz,hambroz4l@people.com.cn,Male,145.88.147.20
167,Perkin,Gyrgorwicx,pgyrgorwicx4m@cam.ac.uk,Male,166.174.247.80
168,Janeva,Gilhoolie,jgilhoolie4n@indiegogo.com,Female,12.224.100.90
169,Devlin,Pook,dpook4o@usatoday.com,Male,241.177.96.207
170,Claiborn,McEnteggart,cmcenteggart4p@upenn.edu,Male,114.62.212.4
171,Blayne,Simson,bsimson4q@cafepress.com,Male,253.172.78.107
172,Torr,Pauletto,tpauletto4r@quantcast.com,Male,40.212.75.233
173,Josselyn,Glew,jglew4s@nature.com,Female,42.135.48.140
174,Mano,Ellar,mellar4t@infoseek.co.jp,Male,218.213.215.240
175,Aubrey,Erdely,aerdely4u@godaddy.com,Male,125.253.151.215
176,Cahra,Schach,cschach4v@mac.com,Female,205.24.73.109
177,Cassius,Sneesbie,csneesbie4w@hostgator.com,Male,9.88.84.33
178,Jori,Szantho,jszantho4x@multiply.com,Female,251.204.41.2
179,Hetty,Miguet,hmiguet4y@globo.com,Female,34.118.143.28
180,Johnathan,McGrotty,jmcgrotty4z@jigsy.com,Male,214.206.205.109
181,Alix,Berthe,aberthe50@example.com,Male,2.23.214.89
182,Marjy,Janata,mjanata51@deliciousdays.com,Female,197.50.202.224
183,Tristan,Boullin,tboullin52@earthlink.net,Male,176.205.204.104
184,Louella,Darke,ldarke53@unicef.org,Female,26.126.4.112
185,Malcolm,Haysman,mhaysman54@1und1.de,Male,27.248.110.28
186,Lind,Kroger,lkroger55@cdbaby.com,Male,27.55.84.67
187,Bettine,McMeekin,bmcmeekin56@house.gov,Female,96.103.67.203
188,Silvio,Howbrook,showbrook57@umn.edu,Male,178.46.252.162
189,Nil,Gaucher,ngaucher58@hatena.ne.jp,Male,210.213.222.4
190,Vincenty,Rummin,vrummin59@indiegogo.com,Male,134.246.103.159
191,Maxy,Wilber,mwilber5a@blogtalkradio.com,Male,99.212.246.240
192,Cassie,Sedger,csedger5b@latimes.com,Female,11.170.126.139
193,Traci,Decent,tdecent5c@noaa.gov,Female,4.234.61.231
194,Truman,Hatfield,thatfield5d@sphinn.com,Male,114.184.199.219
195,Minor,Blaisdale,mblaisdale5e@icq.com,Male,253.248.202.255
196,Friedrich,Tillot,ftillot5f@noaa.gov,Male,28.149.223.173
197,Minny,Husby,mhusby5g@whitehouse.gov,Female,62.16.26.106
198,D'arcy,Odam,dodam5h@example.com,Male,128.79.51.148
199,Dallis,Asher,dasher5i@acquirethisname.com,Male,77.152.153.185
200,Maddy,Cornish,mcornish5j@statcounter.com,Male,166.241.24.105
201,Dav,Denerley,ddenerley5k@exblog.jp,Male,10.24.71.49
202,Bastian,Simek,bsimek5l@indiegogo.com,Male,230.119.178.42
203,Karel,Dearness,kdearness5m@csmonitor.com,Male,16.153.62.221
204,Charlie,Hellwing,chellwing5n@about.com,Male,222.16.116.164
205,Pedro,Briscow,pbriscow5o@noaa.gov,Male,246.131.52.167
206,Forest,Giggs,fgiggs5p@symantec.com,Male,9.23.71.46
207,Edlin,Bernocchi,ebernocchi5q@usa.gov,Male,152.23.247.100
208,Cora,Aldrin,caldrin5r@barnesandnoble.com,Female,208.179.109.139
209,Stillmann,Dudgeon,sdudgeon5s@youku.com,Male,134.104.187.230
210,Cathlene,Livezey,clivezey5t@biblegateway.com,Female,99.27.57.144
211,Reba,Mackilpatrick,rmackilpatrick5u@chicagotribune.com,Female,4.106.124.132
212,Gilligan,Linbohm,glinbohm5v@google.ca,Female,215.78.123.249
213,Gray,Olivelli,golivelli5w@mozilla.com,Female,227.117.214.184
214,Tracey,Bordman,tbordman5x@shop-pro.jp,Male,37.222.144.4
215,Catherina,Beadle,cbeadle5y@hugedomains.com,Female,158.73.254.101
216,Mirabella,Hanster,mhanster5z@loc.gov,Female,163.254.175.144
217,Reggie,Mullard,rmullard60@blog.com,Male,226.220.95.165
218,Mathias,Torry,mtorry61@github.com,Male,196.95.103.76
219,Mendel,Nevison,mnevison62@canalblog.com,Male,146.92.174.82
220,Onofredo,Hatley,ohatley63@irs.gov,Male,102.196.129.100
221,Alyss,Piddlehinton,apiddlehinton64@theglobeandmail.com,Female,168.62.160.92
222,Arabele,LLelweln,allelweln65@simplemachines.org,Female,67.201.83.97
223,Oran,Salthouse,osalthouse66@tiny.cc,Male,10.125.178.22
224,Clarance,Weddell,cweddell67@mit.edu,Male,176.218.185.54
225,Shayna,Woolvin,swoolvin68@stanford.edu,Female,204.227.140.240
226,Irma,Stoney,istoney69@msu.edu,Female,241.77.70.76
227,Melloney,Ramelot,mramelot6a@msn.com,Female,238.165.183.62
228,Bogey,Kitcher,bkitcher6b@fda.gov,Male,131.188.4.99
229,Phillipe,Peinke,ppeinke6c@loc.gov,Male,160.26.169.215
230,Ole,D'Souza,odsouza6d@woothemes.com,Male,154.107.235.250
231,Yolanthe,Rakestraw,yrakestraw6e@ehow.com,Female,130.125.150.130
232,Lamont,Nourse,lnourse6f@zimbio.com,Male,161.169.41.8
233,Shirlee,Janout,sjanout6g@jigsy.com,Female,230.164.81.117
234,Cristobal,Tarzey,ctarzey6h@digg.com,Male,9.232.140.255
235,Silvan,Magwood,smagwood6i@arizona.edu,Male,92.33.61.128
236,Marcile,Antoniat,mantoniat6j@java.com,Female,131.177.73.18
237,Alfy,Sayce,asayce6k@narod.ru,Female,165.142.62.89
238,Freida,MacAnulty,fmacanulty6l@is.gd,Female,123.64.122.173
239,Barclay,Winny,bwinny6m@skype.com,Male,64.106.219.158
240,Aarika,Southam,asoutham6n@typepad.com,Female,58.0.151.18
241,Sasha,Kaveney,skaveney6o@biblegateway.com,Male,59.17.10.97
242,Marjory,Ulster,mulster6p@paypal.com,Female,66.152.83.154
243,Elianora,Rapley,erapley6q@answers.com,Female,115.146.80.232
244,Angel,Hyde,ahyde6r@shareasale.com,Male,237.142.174.235
245,Drona,Domenichelli,ddomenichelli6s@google.ca,Female,121.150.106.133
246,Kevyn,Jorge,kjorge6t@nytimes.com,Female,63.160.85.104
247,Trudie,Haswell,thaswell6u@princeton.edu,Female,225.106.145.171
248,Stanislaw,Onthank,sonthank6v@chron.com,Male,140.93.118.20
249,Laurens,Creasy,lcreasy6w@google.nl,Male,85.28.77.18
250,Milicent,Selvester,mselvester6x@shinystat.com,Female,91.95.12.46
251,Adella,Mallinar,amallinar6y@ed.gov,Female,252.229.27.33
252,Callie,Steynor,csteynor6z@msu.edu,Female,6.11.122.30
253,Cart,Hallworth,challworth70@ustream.tv,Male,125.138.77.219
254,Chloris,McKeney,cmckeney71@technorati.com,Female,36.174.94.208
255,Bron,Dobbson,bdobbson72@goo.ne.jp,Male,166.193.12.67
256,Brewster,Chasemoore,bchasemoore73@com.com,Male,51.176.185.194
257,Cariotta,Denniston,cdenniston74@time.com,Female,156.165.215.199
258,Shara,Thrussell,sthrussell75@spiegel.de,Female,228.47.15.208
259,Dewie,Ronaghan,dronaghan76@europa.eu,Male,152.125.64.74
260,Isobel,Gaynor,igaynor77@naver.com,Female,167.235.233.12
261,Dominic,Andersch,dandersch78@globo.com,Male,178.233.79.227
262,Miguel,Dilgarno,mdilgarno79@gmpg.org,Male,28.98.175.225
263,Chandra,Uc,cuc7a@technorati.com,Female,118.8.22.169
264,Tyrone,Hurleston,thurleston7b@lycos.com,Male,163.246.214.3
265,Candide,Brisker,cbrisker7c@nhs.uk,Female,98.114.5.113
266,Land,Martinello,lmartinello7d@skype.com,Male,199.145.218.68
267,Charley,Schimaschke,cschimaschke7e@edublogs.org,Male,234.95.90.67
268,Josephina,Mullarkey,jmullarkey7f@quantcast.com,Female,137.219.133.97
269,Conan,Jedryka,cjedryka7g@discovery.com,Male,33.74.163.89
270,Sandye,O'Deoran,sodeoran7h@joomla.org,Female,214.116.144.218
271,Jesse,Francisco,jfrancisco7i@techcrunch.com,Male,78.137.2.137
272,Dolly,Powlett,dpowlett7j@ocn.ne.jp,Female,82.83.160.48
273,Calypso,Francomb,cfrancomb7k@shareasale.com,Female,89.205.14.89
274,Bunni,Oakland,boakland7l@springer.com,Female,201.124.161.228
275,Boony,Zannolli,bzannolli7m@smugmug.com,Male,239.194.103.237
276,Haleigh,Furness,hfurness7n@earthlink.net,Female,73.163.111.54
277,Elane,Gobert,egobert7o@multiply.com,Female,54.144.150.199
278,Wallis,Munslow,wmunslow7p@chron.com,Male,199.248.133.124
279,Isak,Doppler,idoppler7q@squarespace.com,Male,196.161.141.103
280,Timi,Godehard.sf,tgodehardsf7r@blog.com,Female,187.63.225.226
281,Florinda,Rosenthaler,frosenthaler7s@rediff.com,Female,196.185.211.88
282,Lishe,Pund,lpund7t@timesonline.co.uk,Female,126.127.35.195
283,Yancey,Giovannini,ygiovannini7u@newyorker.com,Male,43.253.95.73
284,Jemima,Such,jsuch7v@examiner.com,Female,81.80.133.14
285,Vikky,Connors,vconnors7w@latimes.com,Female,156.157.19.96
286,Nils,Cruce,ncruce7x@dmoz.org,Male,106.29.236.55
287,Muhammad,Annatt,mannatt7y@ezinearticles.com,Male,234.175.68.16
288,Corey,Synnott,csynnott7z@google.ca,Male,127.212.38.178
289,Tally,Chaddock,tchaddock80@skyrock.com,Male,165.155.127.173
290,Rand,Kinworthy,rkinworthy81@spiegel.de,Male,190.34.175.205
291,Sherill,Brugsma,sbrugsma82@gmpg.org,Female,202.73.124.154
292,Ebonee,Van Bruggen,evanbruggen83@ow.ly,Female,198.107.235.23
293,Cleve,Simic,csimic84@samsung.com,Male,64.108.72.97
294,Jeffie,Watson,jwatson85@ucla.edu,Male,223.174.45.57
295,Lucian,Rowatt,lrowatt86@scientificamerican.com,Male,206.183.234.158
296,Erek,Frissell,efrissell87@shareasale.com,Male,44.227.185.85
297,Amalia,Brewerton,abrewerton88@mayoclinic.com,Female,79.150.199.175
298,Ned,Eldrid,neldrid89@ycombinator.com,Male,237.42.36.102
299,Francine,Blenkiron,fblenkiron8a@123-reg.co.uk,Female,97.18.225.10
300,Ashton,Strelitzki,astrelitzki8b@princeton.edu,Male,253.53.61.226
301,Wallace,Sproston,wsproston8c@ibm.com,Male,232.82.146.28
302,Hersh,Lewnden,hlewnden8d@sohu.com,Male,136.99.1.212
303,Sim,Broom,sbroom8e@ucoz.com,Male,165.76.233.215
304,Bord,Issatt,bissatt8f@discovery.com,Male,225.158.45.248
305,Bernadene,Graddell,bgraddell8g@mashable.com,Female,222.169.154.136
306,Kip,Streatfield,kstreatfield8h@networkadvertising.org,Male,61.196.207.252
307,Muffin,Antonat,mantonat8i@smugmug.com,Female,185.247.200.219
308,Marga,Glassup,mglassup8j@printfriendly.com,Female,185.19.13.32
309,Hasty,Alaway,halaway8k@time.com,Male,225.112.98.163
310,Heinrik,Toffalo,htoffalo8l@rakuten.co.jp,Male,240.128.177.173
311,Mar,Leipnik,mleipnik8m@reference.com,Male,21.208.73.251
312,Niel,Hoodlass,nhoodlass8n@nytimes.com,Male,187.25.252.213
313,Von,Ilson,vilson8o@drupal.org,Male,32.147.4.125
314,Liz,Feckey,lfeckey8p@oracle.com,Female,103.61.145.21
315,Goddard,Paish,gpaish8q@foxnews.com,Male,51.49.35.156
316,Katrinka,O'Luby,koluby8r@paginegialle.it,Female,17.88.192.110
317,Hastings,Filon,hfilon8s@skyrock.com,Male,175.28.239.175
318,Peterus,Laird,plaird8t@furl.net,Male,162.65.188.127
319,Avis,Yantsurev,ayantsurev8u@cafepress.com,Female,220.227.211.132
320,Selina,Shepeard,sshepeard8v@wufoo.com,Female,233.93.154.175
321,Diane,Mackleden,dmackleden8w@slate.com,Female,146.2.102.250
322,Jereme,Scopyn,jscopyn8x@buzzfeed.com,Male,52.87.59.81
323,Dannie,Baglan,dbaglan8y@mayoclinic.com,Male,36.127.95.228
324,Gweneth,Kobpa,gkobpa8z@xinhuanet.com,Female,79.232.226.196
325,Rianon,Diffley,rdiffley90@1und1.de,Female,2.77.182.190
326,Ringo,Crossgrove,rcrossgrove91@networksolutions.com,Male,166.244.237.166
327,Tiffy,Krzyzaniak,tkrzyzaniak92@aboutads.info,Female,195.165.75.31
328,Vikky,McKeney,vmckeney93@tamu.edu,Female,5.197.8.194
329,Agnese,Eddowes,aeddowes94@china.com.cn,Female,114.56.1.239
330,Myrle,Cordelet,mcordelet95@mlb.com,Female,67.60.9.63
331,Tobiah,Fader,tfader96@zdnet.com,Male,249.119.204.250
332,Zacherie,Caughan,zcaughan97@digg.com,Male,185.25.19.72
333,Marlow,Janovsky,mjanovsky98@hibu.com,Male,167.178.47.200
334,Katrina,Sinnatt,ksinnatt99@a8.net,Female,7.43.102.71
335,Cheryl,Gale,cgale9a@unc.edu,Female,161.64.136.104
336,Hilde,Roblou,hroblou9b@msn.com,Female,2.232.153.118
337,Kendrick,McSaul,kmcsaul9c@sbwire.com,Male,182.168.36.68
338,Yoshi,Abramov,yabramov9d@sciencedirect.com,Female,17.241.132.142
339,Kile,Tombleson,ktombleson9e@symantec.com,Male,85.188.3.104
340,Wini,Pannaman,wpannaman9f@tinyurl.com,Female,221.164.98.152
341,Caritta,Loweth,cloweth9g@howstuffworks.com,Female,105.14.245.121
342,Harley,Garmans,hgarmans9h@digg.com,Female,173.21.84.42
343,Donia,Gater,dgater9i@themeforest.net,Female,143.53.193.17
344,Rafael,Barttrum,rbarttrum9j@twitpic.com,Male,39.154.84.91
345,Hattie,Litherborough,hlitherborough9k@dmoz.org,Female,25.4.178.197
346,Merrili,Marple,mmarple9l@nifty.com,Female,45.140.158.51
347,Dottie,Mussotti,dmussotti9m@intel.com,Female,89.221.67.246
348,Meggi,Hurch,mhurch9n@bloomberg.com,Female,201.234.118.121
349,Celestine,Laurand,claurand9o@google.cn,Female,48.176.85.45
350,Philipa,Lownes,plownes9p@admin.ch,Female,74.55.105.70
351,Jozef,Sprigings,jsprigings9q@cnbc.com,Male,29.131.123.158
352,Lonni,Sonley,lsonley9r@dyndns.org,Female,187.42.132.191
353,Alameda,Kahn,akahn9s@cornell.edu,Female,47.45.243.184
354,Lesli,Ashbridge,lashbridge9t@gnu.org,Female,169.242.50.120
355,Thorndike,Juliff,tjuliff9u@yale.edu,Male,62.38.87.218
356,Cecilio,Brokenbrow,cbrokenbrow9v@etsy.com,Male,150.125.189.61
357,Abelard,Fearey,afearey9w@seesaa.net,Male,74.143.34.208
358,Lorry,Pendreigh,lpendreigh9x@hhs.gov,Male,135.127.188.96
359,Dagmar,Julian,djulian9y@aol.com,Female,156.189.234.159
360,Odele,Rudkin,orudkin9z@census.gov,Female,72.120.30.6
361,Daron,Brookhouse,dbrookhousea0@goo.ne.jp,Female,195.209.200.144
362,Athene,Binks,abinksa1@indiatimes.com,Female,238.190.79.1
363,Konrad,Drysdale,kdrysdalea2@psu.edu,Male,15.51.90.100
364,Renate,Muller,rmullera3@sohu.com,Female,199.13.192.17
365,Wayne,Deverell,wdeverella4@admin.ch,Male,222.145.46.108
366,Pauly,Sperski,psperskia5@php.net,Female,153.57.118.64
367,Constanta,Dolton,cdoltona6@clickbank.net,Female,17.150.151.191
368,Whitby,Billie,wbilliea7@paginegialle.it,Male,228.217.85.19
369,Gale,Biggs,gbiggsa8@phpbb.com,Female,34.71.88.202
370,Fletch,Penlington,fpenlingtona9@mapquest.com,Male,31.17.150.86
371,Chastity,Whordley,cwhordleyaa@alexa.com,Female,36.130.134.236
372,Dana,Brighty,dbrightyab@live.com,Female,12.84.235.115
373,Richie,Cliff,rcliffac@army.mil,Male,139.15.151.160
374,Miller,Goodbar,mgoodbarad@adobe.com,Male,203.212.9.166
375,Hyacinth,Luesley,hluesleyae@si.edu,Female,252.232.48.1
376,Auguste,Dawtry,adawtryaf@weebly.com,Female,13.43.159.157
377,Leela,Mc Combe,lmccombeag@g.co,Female,209.62.54.227
378,Verney,Camies,vcamiesah@dropbox.com,Male,116.115.245.52
379,Tudor,Skoof,tskoofai@1und1.de,Male,228.88.17.65
380,Brucie,Apfler,bapfleraj@sciencedirect.com,Male,80.63.124.215
381,Noll,Beamont,nbeamontak@webeden.co.uk,Male,117.80.47.220
382,Jelene,Gookes,jgookesal@bandcamp.com,Female,52.101.192.198
383,Salomon,Boyington,sboyingtonam@liveinternet.ru,Male,92.96.218.53
384,Ayn,Lusher,alusheran@123-reg.co.uk,Female,152.43.91.116
385,Sophie,Thrower,sthrowerao@slate.com,Female,131.1.235.155
386,Joly,Gavrielli,jgavrielliap@people.com.cn,Female,224.166.41.86
387,Margalo,Scrancher,mscrancheraq@addtoany.com,Female,106.45.148.80
388,Annabal,Thomas,athomasar@springer.com,Female,221.135.178.181
389,Ximenez,Gossage,xgossageas@npr.org,Male,206.59.47.106
390,Chicky,Cathie,ccathieat@jimdo.com,Female,45.46.154.14
391,Claudine,Moraleda,cmoraledaau@1und1.de,Female,105.162.7.52
392,Dolli,Monteith,dmonteithav@wsj.com,Female,194.70.192.153
393,Kendricks,Lyosik,klyosikaw@harvard.edu,Male,218.31.240.252
394,Inger,Plaschke,iplaschkeax@bigcartel.com,Female,123.127.112.131
395,Wally,O'Gleasane,wogleasaneay@cam.ac.uk,Male,6.10.125.65
396,Immanuel,Durrell,idurrellaz@bigcartel.com,Male,56.135.220.119
397,Shelbi,Dearn,sdearnb0@yahoo.co.jp,Female,173.65.38.182
398,Ashton,Hoyer,ahoyerb1@ucoz.com,Male,181.210.124.205
399,Nydia,Harkus,nharkusb2@1und1.de,Female,213.56.233.168
400,Myrah,Breheny,mbrehenyb3@wikipedia.org,Female,33.16.52.225
401,Rosie,Stute,rstuteb4@jimdo.com,Female,217.177.90.159
402,Dorothee,Stare,dstareb5@nydailynews.com,Female,173.224.201.125
403,Cally,Ryrie,cryrieb6@icio.us,Female,129.217.66.85
404,Rebe,Goodrich,rgoodrichb7@who.int,Female,151.242.3.140
405,Gilles,Flori,gflorib8@youku.com,Male,112.30.95.199
406,Genovera,Tousy,gtousyb9@hostgator.com,Female,99.109.170.59
407,Bordy,Yanez,byanezba@comsenz.com,Male,29.31.140.51
408,Cordula,Wisbey,cwisbeybb@indiegogo.com,Female,149.67.157.134
409,Fremont,MacCallester,fmaccallesterbc@delicious.com,Male,172.28.150.50
410,Carlee,Fison,cfisonbd@deliciousdays.com,Female,41.246.43.117
411,Kimberlee,Tomaino,ktomainobe@nsw.gov.au,Female,18.3.100.92
412,Addi,Lockyear,alockyearbf@amazon.co.uk,Female,60.188.94.223
413,Nikola,Gergher,ngergherbg@foxnews.com,Male,223.135.117.174
414,Berky,Sobieski,bsobieskibh@ft.com,Male,130.148.234.93
415,Shaw,Kibbel,skibbelbi@rambler.ru,Male,49.242.184.102
416,Esteban,Southward,esouthwardbj@lycos.com,Male,26.135.125.11
417,Skip,Paffley,spaffleybk@shop-pro.jp,Male,225.14.74.193
418,Leopold,Tranter,ltranterbl@ifeng.com,Male,14.182.188.69
419,Noella,Bamforth,nbamforthbm@sfgate.com,Female,120.113.21.11
420,Vanda,Keinrat,vkeinratbn@cnn.com,Female,8.18.195.124
421,Yuri,Kondratovich,ykondratovichbo@msu.edu,Male,20.107.81.193
422,Sonnie,Goldin,sgoldinbp@histats.com,Male,113.0.96.48
423,Rollins,Queyeiro,rqueyeirobq@wunderground.com,Male,147.188.250.105
424,Waldo,Mattam,wmattambr@chicagotribune.com,Male,101.5.167.254
425,Tiffanie,Lord,tlordbs@artisteer.com,Female,182.110.182.85
426,Charlena,Dunbobin,cdunbobinbt@archive.org,Female,43.87.24.174
427,Bobbe,Burkill,bburkillbu@blogs.com,Female,8.178.21.182
428,Osbourn,Udale,oudalebv@dyndns.org,Male,24.58.208.210
429,Yetta,Lamborn,ylambornbw@sitemeter.com,Female,217.48.71.95
430,Darnall,Fundell,dfundellbx@angelfire.com,Male,187.1.100.145
431,Connor,Klinck,cklinckby@altervista.org,Male,149.150.207.69
432,Cathleen,Memmory,cmemmorybz@nbcnews.com,Female,99.35.15.121
433,Boonie,Winterson,bwintersonc0@ted.com,Male,239.161.13.25
434,Katheryn,Beeson,kbeesonc1@gov.uk,Female,131.73.85.17
435,Fitz,Scottesmoor,fscottesmoorc2@privacy.gov.au,Male,148.65.17.176
436,Shannan,Muzzi,smuzzic3@is.gd,Male,0.174.67.151
437,Pauletta,Storton,pstortonc4@marriott.com,Female,125.228.178.206
438,Augustine,Dabernott,adabernottc5@addthis.com,Female,43.110.48.18
439,Malinde,Reape,mreapec6@usda.gov,Female,129.17.28.154
440,Tarrance,Yanukhin,tyanukhinc7@addthis.com,Male,102.37.41.203
441,Wolfgang,Trowl,wtrowlc8@cargocollective.com,Male,138.163.61.210
442,Kerby,Canton,kcantonc9@forbes.com,Male,215.40.101.36
443,Lucius,Capaldi,lcapaldica@skyrock.com,Male,234.165.57.52
444,Sheba,Parnham,sparnhamcb@hc360.com,Female,119.200.249.105
445,Wini,Ninnis,wninniscc@adobe.com,Female,230.76.31.23
446,Violante,Pariso,vparisocd@symantec.com,Female,251.208.16.198
447,Thatcher,Dumingo,tdumingoce@hexun.com,Male,168.41.6.160
448,Tori,Hynard,thynardcf@sciencedirect.com,Female,29.144.128.137
449,Kai,Ginnaly,kginnalycg@smh.com.au,Female,225.8.132.112
450,Maxy,Kime,mkimech@sakura.ne.jp,Male,115.83.66.170
451,Layne,Dacks,ldacksci@google.de,Female,234.33.98.210
452,Chandler,Pollen,cpollencj@netlog.com,Male,66.65.154.223
453,Justina,Simakov,jsimakovck@google.fr,Female,4.37.190.89
454,Jaquith,Shrimpton,jshrimptoncl@123-reg.co.uk,Female,214.88.84.33
455,Rozele,Deerr,rdeerrcm@house.gov,Female,236.26.129.174
456,Joice,Leere,jleerecn@i2i.jp,Female,223.104.167.11
457,Danielle,Mayward,dmaywardco@fc2.com,Female,229.29.116.208
458,Magdalene,Boerder,mboerdercp@imdb.com,Female,131.214.93.17
459,Randall,Whitford,rwhitfordcq@youtube.com,Male,218.58.226.158
460,Edvard,Whelpdale,ewhelpdalecr@latimes.com,Male,3.81.16.121
461,Natty,Farrimond,nfarrimondcs@tinyurl.com,Female,150.86.141.60
462,Lyndel,Fludder,lfludderct@twitpic.com,Female,62.122.222.68
463,Taryn,Older,toldercu@technorati.com,Female,122.35.100.173
464,Guinevere,Fearnyhough,gfearnyhoughcv@wikispaces.com,Female,189.72.203.155
465,Devin,Gredden,dgreddencw@devhub.com,Male,134.85.128.76
466,Abbie,Jell,ajellcx@usa.gov,Male,96.25.2.91
467,Gearalt,Jarrel,gjarrelcy@cocolog-nifty.com,Male,222.48.103.70
468,Hermine,Summerell,hsummerellcz@myspace.com,Female,171.185.153.140
469,Almeda,O'Scanlan,aoscanland0@slideshare.net,Female,95.133.189.111
470,Shadow,Cowdroy,scowdroyd1@businesswire.com,Male,219.127.62.135
471,Early,Crossgrove,ecrossgroved2@yellowpages.com,Male,220.244.116.213
472,Ayn,Olding,aoldingd3@guardian.co.uk,Female,30.228.87.45
473,Agosto,McGreil,amcgreild4@epa.gov,Male,244.175.106.55
474,Selestina,Libero,sliberod5@cnn.com,Female,4.208.47.197
475,Dode,Piccop,dpiccopd6@ning.com,Female,4.239.137.65
476,Delmor,Shieber,dshieberd7@mail.ru,Male,193.167.127.23
477,Herminia,Sherry,hsherryd8@umich.edu,Female,162.75.21.13
478,Keary,Gratten,kgrattend9@amazon.co.jp,Male,207.246.148.192
479,Thomasina,Gabitis,tgabitisda@wikia.com,Female,149.125.94.229
480,Sol,Hawton,shawtondb@studiopress.com,Male,204.237.205.216
481,Daisi,Duckels,dduckelsdc@instagram.com,Female,155.81.172.162
482,Jeralee,Colby,jcolbydd@diigo.com,Female,190.228.27.108
483,Zacharias,Guyonnet,zguyonnetde@sourceforge.net,Male,136.208.44.78
484,Rutledge,Necolds,rnecoldsdf@quantcast.com,Male,11.235.79.108
485,Gal,Fenwick,gfenwickdg@ycombinator.com,Male,239.209.104.48
486,Augustin,Ruberti,arubertidh@ucoz.com,Male,4.19.175.98
487,Jeddy,Kyme,jkymedi@smh.com.au,Male,182.24.216.204
488,Miltie,Pretious,mpretiousdj@sciencedirect.com,Male,120.80.176.62
489,Brockie,Mongain,bmongaindk@twitter.com,Male,39.60.148.56
490,Eden,Muddle,emuddledl@tinyurl.com,Female,242.106.61.252
491,Sylvester,Kestell,skestelldm@google.de,Male,149.82.100.99
492,Guss,Blackford,gblackforddn@dion.ne.jp,Male,202.234.196.205
493,Sherill,Kellen,skellendo@scientificamerican.com,Female,26.27.219.167
494,Albrecht,Saunper,asaunperdp@nymag.com,Male,54.155.68.30
495,Constancia,Tweedy,ctweedydq@noaa.gov,Female,104.167.132.213
496,Ara,Comsty,acomstydr@mapquest.com,Male,99.190.75.220
497,Lind,Hiner,lhinerds@princeton.edu,Male,170.204.237.1
498,Wright,Llorens,wllorensdt@surveymonkey.com,Male,13.83.127.155
499,Lombard,Palke,lpalkedu@prweb.com,Male,179.134.125.123
500,Bernadene,Durrett,bdurrettdv@technorati.com,Female,34.83.110.39
501,Patti,Cesaric,pcesaricdw@printfriendly.com,Female,174.220.71.97
502,Jo ann,Bertrand,jbertranddx@arstechnica.com,Female,30.148.200.248
503,Cynde,Mc Mechan,cmcmechandy@exblog.jp,Female,4.110.18.188
504,Otis,Debnam,odebnamdz@about.me,Male,150.42.156.72
505,Noak,Egell,negelle0@ucsd.edu,Male,43.194.214.97
506,Ethelbert,Skakunas,eskakunase1@goo.ne.jp,Male,163.210.182.65
507,Geraldine,Lavigne,glavignee2@scribd.com,Female,79.100.193.5
508,Newton,Bartholomaus,nbartholomause3@unicef.org,Male,12.84.135.216
509,Malissa,Cawthorn,mcawthorne4@shop-pro.jp,Female,190.39.183.45
510,Annissa,Beal,abeale5@posterous.com,Female,89.90.73.128
511,William,Vizard,wvizarde6@statcounter.com,Male,170.98.36.219
512,Jemmy,Sanger,jsangere7@hubpages.com,Female,197.53.93.26
513,Dredi,Gorges,dgorgese8@huffingtonpost.com,Female,47.173.187.121
514,Miles,Seedman,mseedmane9@nps.gov,Male,124.51.27.131
515,Roderic,McDoual,rmcdoualea@webs.com,Male,137.71.213.193
516,Anna-diana,Lazonby,alazonbyeb@etsy.com,Female,10.58.233.126
517,Had,Chauvey,hchauveyec@wiley.com,Male,131.67.62.249
518,Kimball,Rego,kregoed@ucsd.edu,Male,29.59.49.178
519,Meyer,Whyler,mwhyleree@sogou.com,Male,201.152.117.249
520,Homerus,Oldmeadow,holdmeadowef@umn.edu,Male,229.78.41.135
521,Pincus,Antoszczyk,pantoszczykeg@cmu.edu,Male,160.57.151.193
522,Gilles,Ganley,gganleyeh@europa.eu,Male,195.116.191.225
523,Inge,Snalom,isnalomei@amazonaws.com,Female,170.13.190.211
524,Madelina,Scotchmur,mscotchmurej@utexas.edu,Female,178.147.194.170
525,Agna,Loftie,aloftieek@goodreads.com,Female,92.100.214.196
526,Cosimo,Cowper,ccowperel@vk.com,Male,93.84.91.229
527,Meris,Greatbatch,mgreatbatchem@stanford.edu,Female,94.128.244.7
528,Matteo,Smitton,msmittonen@aol.com,Male,163.153.31.168
529,Debi,Toquet,dtoqueteo@ucoz.ru,Female,101.147.244.199
530,Alexis,Allder,aallderep@sun.com,Female,128.94.151.198
531,Marti,O'Lunny,molunnyeq@naver.com,Female,231.254.132.73
532,Marja,Hassey,mhasseyer@princeton.edu,Female,250.191.179.41
533,Dex,Geram,dgerames@japanpost.jp,Male,226.180.58.232
534,Carmelita,Smoote,csmooteet@webmd.com,Female,91.185.239.16
535,Shanie,Bernocchi,sbernocchieu@state.gov,Female,54.90.107.26
536,Pattie,Matic,pmaticev@ezinearticles.com,Female,55.133.66.40
537,Weidar,Digg,wdiggew@marriott.com,Male,124.185.59.149
538,Sherlocke,Robert,srobertex@mtv.com,Male,207.89.211.115
539,Aubrette,Youings,ayouingsey@unblog.fr,Female,195.32.20.79
540,Diana,Rontree,drontreeez@cdc.gov,Female,147.162.159.196
541,Caty,Ferrarello,cferrarellof0@infoseek.co.jp,Female,96.166.189.229
542,Cindie,Real,crealf1@usnews.com,Female,250.72.155.167
543,Joete,Bryceson,jbrycesonf2@plala.or.jp,Female,169.27.204.151
544,Laughton,Snelgar,lsnelgarf3@washingtonpost.com,Male,83.137.218.75
545,Osborn,Allsobrook,oallsobrookf4@dot.gov,Male,125.132.215.185
546,Tobin,Edwinson,tedwinsonf5@goo.ne.jp,Male,38.153.99.126
547,Bibi,Silverlock,bsilverlockf6@aboutads.info,Female,133.213.30.115
548,Nicolina,Dionisetti,ndionisettif7@wikispaces.com,Female,22.93.200.26
549,Warden,Hallex,whallexf8@hugedomains.com,Male,216.208.123.216
550,Martie,Sturm,msturmf9@technorati.com,Female,69.230.243.78
551,Jacquenetta,Ovesen,jovesenfa@marketwatch.com,Female,136.67.223.73
552,Beatriz,Yaknov,byaknovfb@cpanel.net,Female,55.136.181.52
553,Batsheva,Service,bservicefc@prnewswire.com,Female,56.242.20.115
554,Merry,Rennolds,mrennoldsfd@ovh.net,Female,53.81.28.254
555,Renard,McWilliam,rmcwilliamfe@boston.com,Male,96.75.141.183
556,Cthrine,Whitely,cwhitelyff@privacy.gov.au,Female,131.230.65.154
557,Bentlee,Keppy,bkeppyfg@booking.com,Male,210.122.47.55
558,Marcellina,Mansour,mmansourfh@yellowpages.com,Female,187.61.216.59
559,Marcos,Poyzer,mpoyzerfi@toplist.cz,Male,186.247.172.177
560,Pattie,Bambridge,pbambridgefj@upenn.edu,Female,67.44.6.77
561,Emmie,Pancoust,epancoustfk@sciencedaily.com,Female,55.128.132.149
562,Raynor,Darnbrook,rdarnbrookfl@slideshare.net,Male,38.207.136.39
563,Paulina,Moules,pmoulesfm@theguardian.com,Female,200.17.138.226
564,Chicky,Hicklingbottom,chicklingbottomfn@epa.gov,Male,1.60.254.86
565,Karie,Swansborough,kswansboroughfo@newyorker.com,Female,68.203.184.138
566,Kirbee,Tong,ktongfp@irs.gov,Female,120.102.148.75
567,Dallis,Heald,dhealdfq@fema.gov,Male,178.179.251.173
568,Ennis,Anstie,eanstiefr@weather.com,Male,254.185.53.101
569,Kial,Doles,kdolesfs@dion.ne.jp,Female,116.147.13.192
570,Wallache,Nemchinov,wnemchinovft@sourceforge.net,Male,74.184.227.56
571,Moore,Pirie,mpiriefu@barnesandnoble.com,Male,4.38.99.74
572,Fanchette,Floweth,fflowethfv@bizjournals.com,Female,228.229.25.88
573,Dexter,O'Driscole,dodriscolefw@sbwire.com,Male,2.46.150.156
574,Torrey,Wardhaugh,twardhaughfx@nydailynews.com,Male,44.11.139.217
575,Obie,Wadmore,owadmorefy@g.co,Male,40.240.240.52
576,Wilow,Semper,wsemperfz@homestead.com,Female,45.139.109.130
577,Tania,Rudgard,trudgardg0@mit.edu,Female,233.89.45.201
578,Vanya,Prettjohn,vprettjohng1@soundcloud.com,Female,223.203.216.61
579,Birch,Bernollet,bbernolletg2@google.ru,Male,12.135.193.68
580,Dasi,Yetts,dyettsg3@craigslist.org,Female,52.60.20.174
581,Lorilyn,Winteringham,lwinteringhamg4@xing.com,Female,86.144.219.246
582,Jenny,Gravestone,jgravestoneg5@fc2.com,Female,170.228.32.156
583,Trista,Wallace,twallaceg6@dot.gov,Female,128.178.128.33
584,Owen,Santer,osanterg7@lycos.com,Male,142.15.26.152
585,Vivienne,Haton,vhatong8@geocities.jp,Female,160.235.244.203
586,Gavan,Sibylla,gsibyllag9@smugmug.com,Male,48.200.150.15
587,Anna-diane,Bitterton,abittertonga@cargocollective.com,Female,27.62.2.111
588,Emery,Whitcher,ewhitchergb@newyorker.com,Male,118.95.99.161
589,Jena,Urey,jureygc@exblog.jp,Female,22.73.82.60
590,Mal,Vasyuchov,mvasyuchovgd@paypal.com,Male,130.193.22.192
591,Andras,Penniell,apenniellge@rambler.ru,Male,74.218.227.8
592,Sigrid,Wybron,swybrongf@histats.com,Female,82.209.189.79
593,Ingrim,Whichelow,iwhichelowgg@networkadvertising.org,Male,246.72.51.122
594,Kinsley,Jadczak,kjadczakgh@sogou.com,Male,187.158.77.88
595,Duffy,Marians,dmariansgi@ifeng.com,Male,180.35.249.98
596,Myrlene,Klimowski,mklimowskigj@livejournal.com,Female,66.179.176.67
597,Pancho,Woolens,pwoolensgk@imageshack.us,Male,135.171.192.180
598,Minerva,Hadgkiss,mhadgkissgl@timesonline.co.uk,Female,95.210.206.8
599,Devlin,Ferrarese,dferraresegm@xinhuanet.com,Male,55.169.39.161
600,Thaine,Trevillion,ttrevilliongn@mtv.com,Male,238.218.43.132
601,Salvidor,Fillingham,sfillinghamgo@ucla.edu,Male,44.214.101.105
602,Dynah,Aikett,daikettgp@walmart.com,Female,123.236.200.37
603,Jordain,Vittery,jvitterygq@yahoo.co.jp,Female,59.37.173.155
604,Mauricio,Corwood,mcorwoodgr@edublogs.org,Male,29.35.102.254
605,Shelden,Tumulty,stumultygs@edublogs.org,Male,125.92.90.25
606,Emanuel,MacDonagh,emacdonaghgt@un.org,Male,225.217.58.57
607,Oliver,Gray,ograygu@etsy.com,Male,146.197.32.90
608,Sharline,Vineall,svineallgv@squidoo.com,Female,209.209.140.115
609,Cleopatra,Fydo,cfydogw@blogs.com,Female,159.136.32.82
610,Marcella,Mumbray,mmumbraygx@qq.com,Female,39.255.30.45
611,Dalis,Godleman,dgodlemangy@bing.com,Male,119.28.45.1
612,Lynde,Ailward,lailwardgz@so-net.ne.jp,Female,154.163.113.92
613,Wells,Weben,wwebenh0@drupal.org,Male,108.120.106.177
614,Normy,Van der Velde,nvanderveldeh1@tinyurl.com,Male,169.159.114.18
615,Lydon,Scrivner,lscrivnerh2@tiny.cc,Male,39.63.118.105
616,Clark,Le Hucquet,clehucqueth3@go.com,Male,203.250.43.25
617,Gilberte,Fairbrace,gfairbraceh4@phpbb.com,Female,254.251.199.44
618,Dynah,Moncur,dmoncurh5@dell.com,Female,55.34.225.152
619,Moselle,Roggero,mroggeroh6@fc2.com,Female,67.108.200.93
620,Win,Saul,wsaulh7@blogtalkradio.com,Male,14.250.135.75
621,Ike,Genicke,igenickeh8@so-net.ne.jp,Male,240.223.103.119
622,Nickolas,Mullord,nmullordh9@aol.com,Male,136.81.49.164
623,Pammy,Wedon,pwedonha@booking.com,Female,52.225.50.227
624,Sharleen,Rishman,srishmanhb@rediff.com,Female,240.237.167.77
625,Liane,Kensington,lkensingtonhc@1688.com,Female,34.216.119.69
626,Justino,Lampke,jlampkehd@cdbaby.com,Male,9.209.237.210
627,Stirling,Dorot,sdorothe@baidu.com,Male,217.204.117.74
628,Lisbeth,Janew,ljanewhf@blogger.com,Female,196.234.223.167
629,Allistir,Raiker,araikerhg@addthis.com,Male,223.223.208.18
630,Madeleine,Kee,mkeehh@va.gov,Female,174.61.41.226
631,Pepi,Softley,psoftleyhi@economist.com,Female,147.47.106.251
632,Sibeal,Lemm,slemmhj@issuu.com,Female,196.107.62.46
633,Margarete,Heaysman,mheaysmanhk@typepad.com,Female,173.117.149.238
634,Gino,Langeren,glangerenhl@about.me,Male,149.214.169.65
635,Bruno,Uden,budenhm@scientificamerican.com,Male,225.219.18.237
636,Jasun,Browncey,jbrownceyhn@friendfeed.com,Male,81.82.106.223
637,Chalmers,Guidini,cguidiniho@altervista.org,Male,41.209.125.55
638,Robinet,Cicullo,rcicullohp@foxnews.com,Male,234.135.143.88
639,Rustin,Le Blond,rleblondhq@umich.edu,Male,203.146.230.206
640,Jeremie,Esbrook,jesbrookhr@businesswire.com,Male,190.49.214.8
641,Letty,Frood,lfroodhs@sogou.com,Female,15.137.184.117
642,Westbrooke,Martinovic,wmartinovicht@php.net,Male,197.206.18.211
643,Percy,Moylan,pmoylanhu@who.int,Male,222.222.99.136
644,Spike,Musico,smusicohv@forbes.com,Male,25.28.210.18
645,Titus,Claiden,tclaidenhw@shinystat.com,Male,124.228.216.251
646,Cletus,McGairl,cmcgairlhx@youtube.com,Male,92.224.111.128
647,Jedidiah,Feore,jfeorehy@umich.edu,Male,194.169.110.250
648,Julita,Kealy,jkealyhz@fema.gov,Female,99.69.103.191
649,Gonzalo,Chater,gchateri0@usda.gov,Male,56.208.51.138
650,Cullan,Barczewski,cbarczewskii1@blinklist.com,Male,225.237.186.41
651,Yardley,Jopling,yjoplingi2@nytimes.com,Male,213.155.185.117
652,Lorraine,Dunkinson,ldunkinsoni3@xing.com,Female,160.246.137.102
653,Holli,Yockney,hyockneyi4@dyndns.org,Female,163.169.148.172
654,Lucina,Sutherden,lsutherdeni5@list-manage.com,Female,96.209.223.15
655,Vanda,Gres,vgresi6@prnewswire.com,Female,154.169.172.82
656,Saundra,Ewings,sewingsi7@angelfire.com,Female,249.235.121.248
657,Pierson,Pervoe,ppervoei8@zdnet.com,Male,135.72.158.140
658,Bartlet,Gepheart,bgephearti9@yellowbook.com,Male,225.10.61.73
659,Anallise,Barrand,abarrandia@php.net,Female,11.20.207.197
660,Kort,Challen,kchallenib@independent.co.uk,Male,148.251.148.169
661,Merle,Cubbinelli,mcubbinelliic@fda.gov,Female,234.33.60.100
662,Katrinka,Boutellier,kboutellierid@pinterest.com,Female,98.124.108.183
663,Linnet,Soldi,lsoldiie@icio.us,Female,22.138.234.16
664,Shaw,Midgley,smidgleyif@epa.gov,Male,161.125.206.160
665,Frasier,Osant,fosantig@t.co,Male,234.186.146.170
666,Alexandrina,Stansby,astansbyih@ehow.com,Female,46.246.59.150
667,Erskine,Stiller,estillerii@mapquest.com,Male,131.149.21.201
668,Cecilius,Schustl,cschustlij@digg.com,Male,49.219.196.58
669,Aliza,Baiyle,abaiyleik@godaddy.com,Female,94.130.48.57
670,Stacy,Greensall,sgreensallil@yahoo.com,Male,226.108.46.179
671,Friedrich,Rimell,frimellim@hostgator.com,Male,174.148.141.194
672,Marian,Brandes,mbrandesin@blogger.com,Female,115.209.137.138
673,Tamas,O'Bradden,tobraddenio@bing.com,Male,49.51.174.141
674,Steven,Redfern,sredfernip@bigcartel.com,Male,76.179.76.147
675,Wenda,Whelpdale,wwhelpdaleiq@tumblr.com,Female,253.19.11.106
676,Briana,Louisot,blouisotir@technorati.com,Female,24.203.78.233
677,Brennen,Olivie,bolivieis@ezinearticles.com,Male,48.66.42.16
678,Sawyer,Cresser,scresserit@cdc.gov,Male,251.158.120.5
679,Phillida,Balden,pbaldeniu@thetimes.co.uk,Female,181.132.35.156
680,Dewie,Latham,dlathamiv@umich.edu,Male,227.13.254.61
681,Theodora,Brightey,tbrighteyiw@tuttocitta.it,Female,159.3.58.255
682,Joy,Merlin,jmerlinix@eventbrite.com,Female,210.73.248.0
683,Efrem,Norwich,enorwichiy@aol.com,Male,34.76.240.59
684,Raymond,Penhalewick,rpenhalewickiz@histats.com,Male,16.204.221.115
685,Rahal,Cram,rcramj0@columbia.edu,Female,0.1.214.161
686,Levon,Brazear,lbrazearj1@google.com.hk,Male,104.113.246.58
687,Rhys,Brazenor,rbrazenorj2@scribd.com,Male,42.91.10.255
688,Hewet,Elphey,helpheyj3@ucla.edu,Male,32.100.243.51
689,Chicky,Hallmark,challmarkj4@businesswire.com,Male,144.168.249.222
690,Bastien,Haggard,bhaggardj5@nationalgeographic.com,Male,188.65.221.87
691,Kassey,Dagleas,kdagleasj6@salon.com,Female,230.147.8.190
692,Jemmy,Novotni,jnovotnij7@reddit.com,Female,193.94.217.22
693,Jany,Grafom,jgrafomj8@artisteer.com,Female,100.66.224.254
694,Elle,Le Friec,elefriecj9@google.nl,Female,137.94.202.35
695,Corenda,Struys,cstruysja@mysql.com,Female,141.116.250.50
696,Thedric,Mitten,tmittenjb@disqus.com,Male,203.170.27.229
697,Kennith,Orfeur,korfeurjc@artisteer.com,Male,224.131.206.83
698,Armin,Gilbanks,agilbanksjd@google.com.br,Male,222.65.64.90
699,Rudiger,Goodenough,rgoodenoughje@photobucket.com,Male,7.98.166.17
700,Nev,Bengal,nbengaljf@multiply.com,Male,7.71.249.238
701,Hasty,McCaskill,hmccaskilljg@tamu.edu,Male,60.11.125.218
702,Boothe,Cockings,bcockingsjh@seesaa.net,Male,88.163.118.97
703,Pail,Anstee,pansteeji@prweb.com,Male,100.171.195.224
704,Almire,Chiplin,achiplinjj@nydailynews.com,Female,79.94.84.122
705,Wilden,Bolan,wbolanjk@edublogs.org,Male,161.225.29.17
706,Kissiah,Kincaid,kkincaidjl@army.mil,Female,208.100.202.135
707,Debi,McKeevers,dmckeeversjm@ning.com,Female,91.240.80.18
708,Ches,Puckey,cpuckeyjn@arizona.edu,Male,201.92.223.110
709,Bertrand,Pullen,bpullenjo@bbc.co.uk,Male,73.136.193.61
710,Bernie,Belverstone,bbelverstonejp@hp.com,Female,16.141.173.171
711,Madelin,Honywill,mhonywilljq@skype.com,Female,223.86.187.132
712,Fletch,Creus,fcreusjr@spiegel.de,Male,19.252.167.81
713,Alfonse,Lownes,alownesjs@acquirethisname.com,Male,5.16.224.94
714,Daisy,Slemmonds,dslemmondsjt@mashable.com,Female,62.82.125.46
715,Joana,Fawson,jfawsonju@patch.com,Female,26.152.165.140
716,Ofella,Reynoldson,oreynoldsonjv@squidoo.com,Female,208.183.45.219
717,Dario,Belasco,dbelascojw@meetup.com,Male,75.90.127.255
718,Ashton,Reeme,areemejx@github.com,Male,59.148.160.91
719,Hall,Rolance,hrolancejy@multiply.com,Male,65.138.202.105
720,Miof mela,Ludlem,mludlemjz@psu.edu,Female,7.37.251.42
721,Tallou,Buckthought,tbuckthoughtk0@dailymotion.com,Female,208.209.68.41
722,Brose,Yosevitz,byosevitzk1@mlb.com,Male,41.114.24.158
723,Ezekiel,Moubray,emoubrayk2@studiopress.com,Male,17.32.254.43
724,Goran,Hankard,ghankardk3@yellowpages.com,Male,213.231.238.88
725,Honoria,Tran,htrank4@lulu.com,Female,11.205.161.234
726,Karlik,July,kjulyk5@boston.com,Male,191.174.157.21
727,Constantia,Over,coverk6@shinystat.com,Female,171.14.73.99
728,Mel,Montfort,mmontfortk7@scribd.com,Female,9.208.25.127
729,Darice,Asher,dasherk8@bandcamp.com,Female,37.105.4.25
730,Coretta,Liddiard,cliddiardk9@psu.edu,Female,166.42.36.26
731,Marcelle,Beldan,mbeldanka@rakuten.co.jp,Female,37.83.161.168
732,Reamonn,Frosch,rfroschkb@cam.ac.uk,Male,203.180.93.147
733,Cordie,Worstall,cworstallkc@wufoo.com,Male,202.171.27.52
734,Helen-elizabeth,Ough,houghkd@ycombinator.com,Female,253.165.118.228
735,Franciskus,Elcy,felcyke@flickr.com,Male,120.243.20.180
736,Denny,Thomel,dthomelkf@engadget.com,Female,167.231.237.233
737,Vincenty,Hargrave,vhargravekg@geocities.jp,Male,71.129.249.0
738,Salomone,Cisland,scislandkh@tinypic.com,Male,208.162.53.92
739,Helena,Ondrak,hondrakki@typepad.com,Female,198.123.220.170
740,Timi,Robardet,trobardetkj@1688.com,Female,25.212.19.97
741,Fern,Harrison,fharrisonkk@vinaora.com,Female,219.16.61.213
742,Zeke,Bandy,zbandykl@imgur.com,Male,246.165.108.56
743,Cahra,Blanpein,cblanpeinkm@cnbc.com,Female,12.3.77.202
744,Coleen,Handman,chandmankn@edublogs.org,Female,105.100.39.249
745,Wylie,Conlon,wconlonko@hostgator.com,Male,226.237.16.112
746,Spike,Kaysor,skaysorkp@fc2.com,Male,87.78.122.33
747,Oberon,Whear,owhearkq@adobe.com,Male,255.4.32.226
748,Samantha,Bartrum,sbartrumkr@mozilla.com,Female,66.96.105.11
749,Crystie,Dimitresco,cdimitrescoks@blog.com,Female,224.107.17.24
750,Ermengarde,Baude,ebaudekt@e-recht24.de,Female,9.127.37.8
751,Fayth,Le Brum,flebrumku@sciencedirect.com,Female,204.74.40.107
752,Josee,Kennon,jkennonkv@nyu.edu,Female,71.185.84.4
753,Shayla,Juarez,sjuarezkw@parallels.com,Female,205.10.247.2
754,Quentin,Dodsworth,qdodsworthkx@free.fr,Male,69.68.78.138
755,Maurice,Dundredge,mdundredgeky@usatoday.com,Male,191.200.72.201
756,Hilary,Scarrott,hscarrottkz@google.nl,Male,61.29.214.15
757,Grover,Kindell,gkindelll0@plala.or.jp,Male,39.174.21.21
758,Fawne,Coronas,fcoronasl1@state.tx.us,Female,114.251.138.155
759,Jillayne,Pidduck,jpidduckl2@bravesites.com,Female,49.4.210.143
760,Kirsten,Macconachy,kmacconachyl3@instagram.com,Female,69.176.83.169
761,Wright,Cromett,wcromettl4@is.gd,Male,110.25.227.116
762,Windy,Machan,wmachanl5@google.com.br,Female,134.42.67.177
763,Kinnie,Duggan,kdugganl6@businessweek.com,Male,33.127.72.66
764,Armstrong,Godart,agodartl7@163.com,Male,83.195.251.73
765,Madonna,Moughtin,mmoughtinl8@sciencedaily.com,Female,227.88.32.136
766,Lionello,Abramowsky,labramowskyl9@hexun.com,Male,95.24.117.75
767,Ameline,Jillitt,ajillittla@creativecommons.org,Female,34.92.122.27
768,Wallas,Lanigan,wlaniganlb@newsvine.com,Male,200.157.120.17
769,Dexter,Barme,dbarmelc@patch.com,Male,181.110.173.62
770,Ricca,Mertgen,rmertgenld@bandcamp.com,Female,47.29.41.17
771,Woodman,Baylie,wbayliele@elpais.com,Male,198.123.174.59
772,Audrye,Betton,abettonlf@addthis.com,Female,101.167.200.73
773,Hadlee,Lewry,hlewrylg@webnode.com,Male,31.1.245.103
774,Marion,Fouracres,mfouracreslh@mysql.com,Male,147.148.43.37
775,Eada,Struis,estruisli@google.com,Female,38.211.63.56
776,Rriocard,McCreery,rmccreerylj@histats.com,Male,184.216.101.61
777,Lyndsay,Charnley,lcharnleylk@theatlantic.com,Female,157.224.12.91
778,Riannon,Roycroft,rroycroftll@scientificamerican.com,Female,251.19.15.12
779,Pansy,Garnar,pgarnarlm@bigcartel.com,Female,197.202.121.143
780,Joyce,Beig,jbeigln@weibo.com,Female,185.78.106.117
781,Delbert,Grzelczak,dgrzelczaklo@ibm.com,Male,17.46.114.208
782,Estrella,Fearick,efearicklp@eventbrite.com,Female,155.164.42.13
783,Doralin,Lapworth,dlapworthlq@symantec.com,Female,119.72.253.110
784,Fina,Brothwell,fbrothwelllr@blogspot.com,Female,139.202.152.60
785,Edward,Duinkerk,eduinkerkls@google.com.au,Male,129.126.153.110
786,Giordano,Blakesley,gblakesleylt@oakley.com,Male,123.136.105.191
787,Waldon,Holdall,wholdalllu@shareasale.com,Male,138.132.183.223
788,Arvy,Fasson,afassonlv@furl.net,Male,231.46.120.173
789,Christalle,Chatel,cchatellw@google.co.uk,Female,156.187.95.174
790,Ashbey,Middleton,amiddletonlx@cisco.com,Male,201.160.19.243
791,Tomaso,Blancowe,tblancowely@163.com,Male,25.4.147.194
792,Viviana,MacIntyre,vmacintyrelz@shareasale.com,Female,215.128.128.81
793,Maris,Bineham,mbinehamm0@discovery.com,Female,69.65.90.186
794,Ronnica,Moffett,rmoffettm1@wiley.com,Female,164.190.165.28
795,Alwyn,Caddick,acaddickm2@ning.com,Male,7.117.218.210
796,Thomasa,Peskett,tpeskettm3@istockphoto.com,Female,54.12.68.133
797,Clemente,Gwinnett,cgwinnettm4@drupal.org,Male,2.223.213.36
798,Yorker,Satterley,ysatterleym5@tmall.com,Male,14.105.89.241
799,Eli,Eilhersen,eeilhersenm6@japanpost.jp,Male,78.5.130.191
800,Matias,Lahive,mlahivem7@lycos.com,Male,61.54.83.157
801,Adolpho,Sheraton,asheratonm8@instagram.com,Male,52.249.144.248
802,Abbie,Pattingson,apattingsonm9@economist.com,Male,249.94.152.121
803,Annis,Wainscot,awainscotma@w3.org,Female,73.200.24.89
804,Cello,Lawes,clawesmb@dyndns.org,Male,8.59.235.160
805,Wenona,Braidon,wbraidonmc@discovery.com,Female,152.197.188.207
806,Cash,Gherardelli,cgherardellimd@smugmug.com,Male,52.151.164.234
807,Frazer,Rodell,frodellme@ameblo.jp,Male,103.1.7.152
808,Ethe,Leavold,eleavoldmf@soundcloud.com,Male,152.159.233.199
809,Atlante,Albinson,aalbinsonmg@dedecms.com,Female,156.71.19.207
810,Ettie,Loughman,eloughmanmh@china.com.cn,Female,152.239.105.155
811,Stefano,Wreford,swrefordmi@dell.com,Male,104.91.109.237
812,Mischa,Rackstraw,mrackstrawmj@illinois.edu,Male,105.232.214.218
813,Orsa,Sandyfirth,osandyfirthmk@cnet.com,Female,72.106.182.19
814,Armstrong,Lund,alundml@cbsnews.com,Male,193.21.15.216
815,Rozalin,Robbel,rrobbelmm@smugmug.com,Female,102.15.192.87
816,Field,Barsham,fbarshammn@imageshack.us,Male,79.18.215.173
817,George,Tanguy,gtanguymo@diigo.com,Male,216.80.193.76
818,Madlen,Cutridge,mcutridgemp@state.tx.us,Female,135.152.23.154
819,Marika,Link,mlinkmq@a8.net,Female,109.225.197.158
820,Percival,Uttley,puttleymr@mashable.com,Male,140.95.3.253
821,Saul,d' Elboux,sdelbouxms@jiathis.com,Male,178.17.118.103
822,Othella,Rozec,orozecmt@clickbank.net,Female,32.166.118.115
823,Brnaba,Boot,bbootmu@cafepress.com,Male,103.211.22.19
824,Konstanze,Gaskarth,kgaskarthmv@unesco.org,Female,116.97.155.69
825,Pietra,Oliphard,poliphardmw@illinois.edu,Female,28.109.221.29
826,Baryram,Gerauld,bgerauldmx@netvibes.com,Male,90.33.1.146
827,Frasco,Bloxsome,fbloxsomemy@whitehouse.gov,Male,42.168.89.180
828,Maurice,Paraman,mparamanmz@comcast.net,Male,252.124.179.27
829,Philbert,Braunds,pbraundsn0@surveymonkey.com,Male,76.199.237.86
830,Edd,Muccino,emuccinon1@dagondesign.com,Male,91.164.224.55
831,Kira,Kretchmer,kkretchmern2@samsung.com,Female,239.243.222.220
832,Cassandre,Roos,croosn3@java.com,Female,182.209.57.254
833,Isac,Mariet,imarietn4@economist.com,Male,181.102.204.166
834,Jackson,Griffey,jgriffeyn5@sbwire.com,Male,134.197.129.198
835,Lacee,Pladen,lpladenn6@ycombinator.com,Female,132.107.66.234
836,Maximilien,Filtness,mfiltnessn7@ebay.com,Male,103.175.161.155
837,Bary,Guiet,bguietn8@unc.edu,Male,71.153.233.86
838,Agathe,Noyes,anoyesn9@vinaora.com,Female,201.74.92.198
839,Yancey,Gearty,ygeartyna@bluehost.com,Male,214.62.0.35
840,Carmela,Linklater,clinklaternb@joomla.org,Female,48.155.235.251
841,Kira,Di Meo,kdimeonc@squidoo.com,Female,14.121.137.106
842,Gwenette,Loins,gloinsnd@github.io,Female,177.147.79.214
843,Moshe,Mackriell,mmackriellne@cbc.ca,Male,255.103.45.9
844,Arri,Drew-Clifton,adrewcliftonnf@pen.io,Male,148.98.222.124
845,Ginelle,Sumnall,gsumnallng@cdbaby.com,Female,142.234.123.63
846,Elfie,Pozzo,epozzonh@hhs.gov,Female,156.10.181.241
847,Noel,Duell,nduellni@prweb.com,Male,23.183.198.216
848,Ned,Scarsbrooke,nscarsbrookenj@moonfruit.com,Male,187.188.223.25
849,Fee,Castagna,fcastagnank@blogger.com,Male,218.72.47.236
850,Tammy,Ramet,trametnl@youtube.com,Female,196.109.44.75
851,Lanni,Drury,ldrurynm@economist.com,Female,232.176.183.94
852,Zulema,Greggersen,zgreggersennn@jugem.jp,Female,110.43.85.1
853,Barnebas,Bench,bbenchno@google.co.uk,Male,42.166.229.28
854,Gabie,Denacamp,gdenacampnp@hibu.com,Male,69.47.108.171
855,Lilas,Stalf,lstalfnq@hibu.com,Female,127.15.29.7
856,Morissa,Midghall,mmidghallnr@ow.ly,Female,11.8.226.10
857,Mac,Arbon,marbonns@scientificamerican.com,Male,45.35.204.36
858,Hugibert,Pancoast,hpancoastnt@japanpost.jp,Male,135.171.79.52
859,Christie,Chaters,cchatersnu@economist.com,Male,111.250.233.53
860,Nefen,Imore,nimorenv@youku.com,Male,131.94.120.71
861,Galen,Mishow,gmishownw@ted.com,Male,108.182.77.109
862,Ulrike,McCarter,umccarternx@diigo.com,Female,160.248.164.159
863,Richmound,Macbane,rmacbaneny@blogtalkradio.com,Male,76.92.231.106
864,Benito,Vell,bvellnz@chronoengine.com,Male,18.251.185.107
865,Angelita,Gallaway,agallawayo0@moonfruit.com,Female,4.78.29.162
866,Concordia,Brickdale,cbrickdaleo1@surveymonkey.com,Female,3.155.194.108
867,Lebbie,Fenny,lfennyo2@smugmug.com,Female,82.252.24.231
868,Web,Pyburn,wpyburno3@usatoday.com,Male,77.121.156.213
869,Kali,Gething,kgethingo4@kickstarter.com,Female,104.72.133.121
870,Rudiger,Freeman,rfreemano5@opensource.org,Male,145.210.75.244
871,Tailor,Gieves,tgieveso6@mapy.cz,Male,138.21.160.108
872,Ermin,Ferrarin,eferrarino7@google.nl,Male,85.199.91.232
873,Allayne,Ferrea,aferreao8@scribd.com,Male,229.39.111.22
874,Arabelle,Hallard,ahallardo9@ibm.com,Female,142.29.152.9
875,Tani,Touzey,ttouzeyoa@miitbeian.gov.cn,Female,73.60.62.90
876,Paxton,Motion,pmotionob@digg.com,Male,2.254.96.178
877,Izaak,de Quesne,idequesneoc@vistaprint.com,Male,120.211.109.158
878,Sadye,Kalkhoven,skalkhovenod@patch.com,Female,113.134.22.243
879,Theresa,Endricci,tendriccioe@php.net,Female,14.104.199.231
880,Hart,Quogan,hquoganof@icq.com,Male,177.41.93.21
881,Thadeus,Frowd,tfrowdog@dedecms.com,Male,153.83.30.182
882,Auberon,Sherwin,asherwinoh@businesswire.com,Male,149.235.49.182
883,Joanna,Griffin,jgriffinoi@archive.org,Female,181.136.60.143
884,Henrietta,Flahy,hflahyoj@posterous.com,Female,244.52.242.146
885,Kippar,Fairnington,kfairningtonok@amazon.de,Male,121.108.124.36
886,Thurstan,Masson,tmassonol@house.gov,Male,130.62.51.147
887,Krishnah,Wilde,kwildeom@youtu.be,Male,132.118.153.65
888,Viva,Normanvill,vnormanvillon@va.gov,Female,4.157.162.109
889,Robby,Skaife d'Ingerthorpe,rskaifedingerthorpeoo@marketwatch.com,Male,28.142.137.130
890,Cherish,Ridgway,cridgwayop@paypal.com,Female,66.90.238.9
891,Koral,Cooch,kcoochoq@studiopress.com,Female,91.63.61.196
892,Laetitia,Bagshawe,lbagshaweor@google.com.au,Female,56.44.231.245
893,Chas,O'Dyvoie,codyvoieos@seesaa.net,Male,44.112.133.10
894,Bale,Acklands,backlandsot@issuu.com,Male,44.129.116.78
895,Dewey,Greetland,dgreetlandou@walmart.com,Male,48.54.78.73
896,Barnett,Woodard,bwoodardov@ed.gov,Male,210.170.217.14
897,Ailene,Codi,acodiow@mapquest.com,Female,38.233.115.164
898,Rudolph,MacCurtain,rmaccurtainox@hp.com,Male,109.99.219.235
899,Lyssa,Cabane,lcabaneoy@omniture.com,Female,178.33.108.13
900,Shane,Goshawk,sgoshawkoz@issuu.com,Male,135.162.167.234
901,Laurene,Aisbett,laisbettp0@washington.edu,Female,151.59.82.238
902,Trenton,Wheowall,twheowallp1@nytimes.com,Male,56.90.188.67
903,Verena,Dorbin,vdorbinp2@ted.com,Female,18.93.95.165
904,Danny,Candlin,dcandlinp3@github.com,Male,25.247.254.88
905,Rhody,Itzhaki,ritzhakip4@google.nl,Female,244.145.77.100
906,Laurent,Bechley,lbechleyp5@tiny.cc,Male,74.162.179.154
907,Lainey,Blanque,lblanquep6@google.pl,Female,81.223.125.159
908,Dacie,Lates,dlatesp7@sun.com,Female,221.152.225.143
909,Kris,Deeth,kdeethp8@histats.com,Male,59.123.219.176
910,Salomo,Casley,scasleyp9@accuweather.com,Male,43.71.197.114
911,Shannon,Boater,sboaterpa@live.com,Male,87.192.219.80
912,Leonid,Giacovazzo,lgiacovazzopb@dailymail.co.uk,Male,223.238.129.254
913,Georg,Risman,grismanpc@51.la,Male,98.35.8.115
914,Lark,Cutchee,lcutcheepd@comsenz.com,Female,9.175.238.10
915,Casandra,Steptow,csteptowpe@printfriendly.com,Female,72.191.84.137
916,Niki,Lockyer,nlockyerpf@imdb.com,Male,49.34.136.197
917,Morgen,Leare,mlearepg@miibeian.gov.cn,Male,71.93.105.86
918,Meier,Core,mcoreph@chron.com,Male,118.174.177.183
919,Darrin,McAlroy,dmcalroypi@weebly.com,Male,162.134.59.255
920,Kale,Burras,kburraspj@trellian.com,Male,104.24.25.51
921,Vonni,Ashpital,vashpitalpk@bbb.org,Female,121.213.241.100
922,Ginelle,Harse,gharsepl@ning.com,Female,158.105.169.230
923,Abdel,Trevett,atrevettpm@hp.com,Male,232.106.43.225
924,Cordie,Hellewell,chellewellpn@diigo.com,Male,145.120.115.188
925,Sondra,Leckey,sleckeypo@pen.io,Female,116.227.164.23
926,Ross,Stoffersen,rstoffersenpp@wikispaces.com,Male,89.133.157.45
927,Ashla,Brands,abrandspq@booking.com,Female,136.161.138.193
928,Reiko,Lawlan,rlawlanpr@engadget.com,Female,148.38.243.25
929,Angie,Harbidge,aharbidgeps@wunderground.com,Female,238.3.203.217
930,Gib,Martel,gmartelpt@hud.gov,Male,146.127.72.67
931,Jocelyne,Albrecht,jalbrechtpu@unicef.org,Female,167.58.186.226
932,Kiel,Carrabott,kcarrabottpv@wunderground.com,Male,101.198.68.185
933,Jewell,Teek,jteekpw@joomla.org,Female,166.46.31.34
934,Ayn,Brizell,abrizellpx@usatoday.com,Female,210.186.211.234
935,Tiphani,Kilshall,tkilshallpy@paypal.com,Female,78.246.46.254
936,Felix,Neasham,fneashampz@wikipedia.org,Male,117.176.252.204
937,Robinson,Mowson,rmowsonq0@soup.io,Male,17.190.113.17
938,Jacinda,Whelan,jwhelanq1@cdbaby.com,Female,88.13.195.249
939,Andreas,Gatcliff,agatcliffq2@ft.com,Male,59.207.185.142
940,Morse,O'Hingerty,mohingertyq3@zimbio.com,Male,82.126.202.161
941,Nariko,Laidlaw,nlaidlawq4@uol.com.br,Female,160.78.230.200
942,Ephraim,McWhannel,emcwhannelq5@hc360.com,Male,124.253.6.213
943,Nicolas,Tall,ntallq6@rambler.ru,Male,48.244.61.115
944,Shanie,Martygin,smartyginq7@bing.com,Female,252.23.27.70
945,Yoko,Mottram,ymottramq8@cafepress.com,Female,170.135.239.27
946,Maximo,Cupitt,mcupittq9@about.com,Male,66.217.89.129
947,Skyler,Learmouth,slearmouthqa@jimdo.com,Male,12.52.186.219
948,Yvor,Battlestone,ybattlestoneqb@umich.edu,Male,192.97.99.241
949,Dynah,Collinson,dcollinsonqc@moonfruit.com,Female,167.2.237.154
950,Filide,Sturzaker,fsturzakerqd@wikia.com,Female,4.96.84.131
951,Bree,Tidcombe,btidcombeqe@rakuten.co.jp,Female,84.169.195.4
952,Randi,Ricarde,rricardeqf@google.fr,Female,198.173.56.114
953,Leo,Perotti,lperottiqg@china.com.cn,Male,199.103.175.149
954,Chelsey,Boothman,cboothmanqh@altervista.org,Female,64.105.33.144
955,Jasun,Jellico,jjellicoqi@hexun.com,Male,152.216.165.8
956,Nehemiah,Junkinson,njunkinsonqj@nydailynews.com,Male,221.33.231.191
957,Ingaborg,Mapstone,imapstoneqk@illinois.edu,Female,208.129.137.171
958,Menard,Frango,mfrangoql@meetup.com,Male,214.154.17.166
959,Barry,Haig,bhaigqm@archive.org,Female,78.118.212.208
960,Husein,Orringe,horringeqn@reverbnation.com,Male,169.115.107.57
961,Wyatt,Aleksahkin,waleksahkinqo@miibeian.gov.cn,Male,187.248.93.146
962,Brade,Pirrey,bpirreyqp@economist.com,Male,113.31.153.158
963,Harlene,McSperrin,hmcsperrinqq@i2i.jp,Female,191.127.123.167
964,Gabbi,Leindecker,gleindeckerqr@hugedomains.com,Female,115.177.240.129
965,Udall,Lamas,ulamasqs@nps.gov,Male,157.50.77.24
966,Drusie,Drage,ddrageqt@craigslist.org,Female,238.128.139.99
967,Al,Quaintance,aquaintancequ@mysql.com,Male,16.113.151.124
968,Grant,Beeden,gbeedenqv@chron.com,Male,67.54.208.114
969,Lila,McCambridge,lmccambridgeqw@arizona.edu,Female,78.251.83.136
970,Trula,Cogan,tcoganqx@dion.ne.jp,Female,101.145.130.217
971,Lionel,Achurch,lachurchqy@alexa.com,Male,113.124.147.84
972,Graig,Lusher,glusherqz@vimeo.com,Male,36.164.201.220
973,Buiron,Lerer,blererr0@domainmarket.com,Male,195.67.152.223
974,Andrus,Tailby,atailbyr1@opensource.org,Male,252.75.75.244
975,Elene,Hardwin,ehardwinr2@smh.com.au,Female,80.153.254.189
976,Mirilla,Cuardall,mcuardallr3@de.vu,Female,156.216.223.197
977,Lowrance,Shekle,lshekler4@tripadvisor.com,Male,1.235.83.74
978,Charis,Verden,cverdenr5@cnet.com,Female,209.96.154.160
979,Nerty,Gogan,ngoganr6@who.int,Female,131.107.226.145
980,Roderigo,Parkhouse,rparkhouser7@sun.com,Male,83.206.176.12
981,Netti,Biswell,nbiswellr8@craigslist.org,Female,84.65.30.106
982,Colman,Ivan,civanr9@drupal.org,Male,181.219.100.147
983,Morrie,Onele,monelera@moonfruit.com,Male,242.234.10.221
984,Tildy,Smickle,tsmicklerb@prlog.org,Female,77.72.46.60
985,Maris,Corneille,mcorneillerc@privacy.gov.au,Female,213.163.99.160
986,Amory,Fawckner,afawcknerrd@amazon.com,Male,99.197.79.50
987,Darlene,Rosthorn,drosthornre@youtu.be,Female,240.168.233.183
988,Christoffer,Sargeaunt,csargeauntrf@woothemes.com,Male,70.124.166.67
989,Venus,Frail,vfrailrg@latimes.com,Female,14.121.201.198
990,Isis,Davidou,idavidourh@flickr.com,Female,211.32.212.0
991,Shanta,Cummins,scumminsri@pinterest.com,Female,143.128.171.179
992,Eugen,Comer,ecomerrj@cdc.gov,Male,176.206.203.9
993,Claudell,Mullany,cmullanyrk@wsj.com,Male,203.175.225.87
994,Jo-anne,Scoyne,jscoynerl@1688.com,Female,69.225.184.61
995,Nell,Hardesty,nhardestyrm@sogou.com,Female,244.179.247.62
996,Kira,Kitchingman,kkitchingmanrn@mapy.cz,Female,150.134.136.7
997,Earl,Dorrins,edorrinsro@huffingtonpost.com,Male,197.244.99.163
998,Thia,Jiras,tjirasrp@google.com,Female,33.72.159.93
999,Elia,Ernshaw,eernshawrq@ebay.co.uk,Male,101.54.125.168
1000,Oralee,Tarpey,otarpeyrr@hp.com,Female,125.117.18.231
